owner_email,name,sport,area,address,hourly_price,open_hour,close_hour
lan.owner@example.com,Thong Nhat Football Pitch,Football,Cau Giay,12 Tran Thai Tong,300000,6,22
lan.owner@example.com,Lan Anh Badminton Court,Badminton,Cau Giay,45 Duy Tan,80000,6,22
lan.owner@example.com,Dich Vong Badminton Court,Badminton,Cau Giay,8 Dich Vong Hau,90000,6,23
lan.owner@example.com,Nghia Tan Football Pitch,Football,Cau Giay,3 Nghia Tan,280000,6,22
hung.owner@example.com,NEU Football Pitch,Football,Hai Ba Trung,207 Giai Phong,350000,6,23
hung.owner@example.com,Bach Khoa Tennis Court,Tennis,Hai Ba Trung,1 Dai Co Viet,200000,5,22
hung.owner@example.com,Minh Khai Badminton Court,Badminton,Hai Ba Trung,120 Minh Khai,70000,6,22
hung.owner@example.com,Times City Pickleball Court,Pickleball,Hai Ba Trung,458 Minh Khai,150000,6,22
hung.owner@example.com,Thanh Nhan Football Pitch,Football,Hai Ba Trung,35 Thanh Nhan,320000,6,22
lan.owner@example.com,Hoang Cau Football Pitch,Football,Dong Da,17 Hoang Cau,330000,6,23
lan.owner@example.com,Chua Boc Badminton Court,Badminton,Dong Da,50 Chua Boc,75000,6,22
lan.owner@example.com,Lang Ha Tennis Court,Tennis,Dong Da,88 Lang Ha,220000,6,21
lan.owner@example.com,Xa Dan Pickleball Court,Pickleball,Dong Da,22 Xa Dan,140000,6,22
son.owner@example.com,Thanh Xuan Bac Football Pitch,Football,Thanh Xuan,6 Nguyen Quy Duc,290000,6,22
son.owner@example.com,Khuong Dinh Badminton Court,Badminton,Thanh Xuan,99 Khuong Dinh,65000,6,22
son.owner@example.com,Royal City Tennis Court,Tennis,Thanh Xuan,72 Nguyen Trai,250000,6,22
son.owner@example.com,Nguy Nhu Pickleball Court,Pickleball,Thanh Xuan,15 Nguy Nhu Kon Tum,130000,6,22
son.owner@example.com,My Dinh Football Pitch,Football,Nam Tu Liem,1 Le Duc Tho,400000,6,23
son.owner@example.com,Cau Dien Badminton Court,Badminton,Nam Tu Liem,210 Cau Dien,60000,6,22
son.owner@example.com,My Dinh Tennis Court,Tennis,Nam Tu Liem,5 Le Quang Dao,230000,6,22
hung.owner@example.com,Long Bien Football Pitch,Football,Long Bien,19 Nguyen Van Cu,260000,6,22
hung.owner@example.com,Viet Hung Badminton Court,Badminton,Long Bien,27 Viet Hung,60000,6,22
hung.owner@example.com,Vinhomes Riverside Pickleball Court,Pickleball,Long Bien,Vinhomes Riverside,160000,6,22
lan.owner@example.com,Ha Dong Football Pitch,Football,Ha Dong,40 Quang Trung,250000,6,22
